{"initial_reset_timestamp": 2172.409007132, "timestamps": [2173.826239615, 2177.23793226, 2177.350248693, 2177.389142688, 2177.427916073, 2177.448590679, 2177.465127308, 2177.481872406, 2180.825127325, 2180.899005045, 2180.941361128, 2180.961340531, 2180.973993808, 2180.98627807, 2181.00624533, 2181.031684327, 2181.073110871, 2181.116071771, 2181.156821811, 2181.172102705, 2181.212213422, 2181.23474116, 2181.249479025, 2181.264254963, 2181.280609973, 2181.295086598, 2181.309297385, 2182.305132513, 2182.396434392, 2182.416988703, 2182.458569651, 2182.49995777, 2182.541252851, 2182.560104145, 2182.601407251, 2182.642390606, 2182.682406259, 2182.699811176, 2182.714629044, 2182.755677613, 2182.767846683, 2182.808223508, 2182.848250432, 2182.888161235, 2182.908170113, 2182.942778401, 2182.982793292, 2183.022872254, 2183.062857858, 2183.102836178, 2183.129739135, 2183.140848508, 2183.180919595, 2183.220688425, 2183.243096412, 2183.261885807, 2183.301508858, 2183.3410387, 2183.380782562, 2183.419005333, 2183.450092314, 2183.472074868, 2183.511753765, 2183.526585038, 2186.853941982, 2186.951502445, 2186.991555372, 2187.029783167, 2187.067995814, 2187.106415466, 2187.131028017, 2187.173084757, 2187.191217172, 2187.204990669, 2187.245141343, 2187.285062156, 2187.295465737, 2187.326031686, 2187.342917728, 2187.380138687, 2187.397845398, 2187.435034527, 2187.476806201, 2187.503551181, 2187.541548786, 2187.553308872, 2187.59093691, 2187.628677884, 2187.65590198, 2187.668039768, 2187.686404157, 2187.700155893, 2187.737551306, 2187.774831959, 2187.786774544, 2187.825257317, 2187.838146573, 2187.877846504, 2187.917247193, 2187.956615529], "episode_lengths": [73, 200, 200, 200, 200, 107, 85, 86, 200, 97, 200, 96, 61, 59, 95, 117, 200, 200, 200, 76, 200, 113, 74, 74, 81, 72, 70, 59, 70, 95, 200, 200, 200, 91, 200, 200, 200, 87, 71, 200, 61, 200, 200, 200, 101, 173, 200, 200, 200, 200, 135, 56, 200, 200, 113, 94, 200, 200, 200, 192, 157, 110, 200, 75, 200, 200, 200, 200, 200, 198, 119, 200, 89, 68, 200, 200, 55, 165, 91, 200, 95, 200, 200, 79, 200, 62, 200, 200, 146, 63, 98, 74, 200, 200, 63, 200, 65, 200, 200, 200], "episode_rewards": [73.0, 200.0, 200.0, 200.0, 200.0, 107.0, 85.0, 86.0, 200.0, 97.0, 200.0, 96.0, 61.0, 59.0, 95.0, 117.0, 200.0, 200.0, 200.0, 76.0, 200.0, 113.0, 74.0, 74.0, 81.0, 72.0, 70.0, 59.0, 70.0, 95.0, 200.0, 200.0, 200.0, 91.0, 200.0, 200.0, 200.0, 87.0, 71.0, 200.0, 61.0, 200.0, 200.0, 200.0, 101.0, 173.0, 200.0, 200.0, 200.0, 200.0, 135.0, 56.0, 200.0, 200.0, 113.0, 94.0, 200.0, 200.0, 200.0, 192.0, 157.0, 110.0, 200.0, 75.0, 200.0, 200.0, 200.0, 200.0, 200.0, 198.0, 119.0, 200.0, 89.0, 68.0, 200.0, 200.0, 55.0, 165.0, 91.0, 200.0, 95.0, 200.0, 200.0, 79.0, 200.0, 62.0, 200.0, 200.0, 146.0, 63.0, 98.0, 74.0, 200.0, 200.0, 63.0, 200.0, 65.0, 200.0, 200.0, 200.0], "episode_types": ["t", "t", "t", "t", "t", "t", "t", "t", "t", "t", "t", "t", "t", "t", "t", "t", "t", "t", "t", "t", "t", "t", "t", "t", "t", "t", "t", "t", "t", "t", "t", "t", "t", "t", "t", "t", "t", "t", "t", "t", "t", "t", "t", "t", "t", "t", "t", "t", "t", "t", "t", "t", "t", "t", "t", "t", "t", "t", "t", "t", "t", "t", "t", "t", "t", "t", "t", "t", "t", "t", "t", "t", "t", "t", "t", "t", "t", "t", "t", "t", "t", "t", "t", "t", "t", "t", "t", "t", "t", "t", "t", "t", "t", "t", "t", "t", "t", "t", "t", "t"]}